Workbook
Name Distritos_1: 'Distritos'!$B$2:$B$13
Name Distritos_10: 'Distritos'!$B$164:$B$176
Name Distritos_11: 'Distritos'!$B$177:$B$199
Name Distritos_12: 'Distritos'!$B$200:$B$219
Name Distritos_13: 'Distritos'!$B$220:$B$245
Name Distritos_14: 'Distritos'!$B$246:$B$263
Name Distritos_2: 'Distritos'!$B$14:$B$26
Name Distritos_3: 'Distritos'!$B$27:$B$42
Name Distritos_4: 'Distritos'!$B$43:$B$75
Name Distritos_5: 'Distritos'!$B$76:$B$97
Name Distritos_6: 'Distritos'!$B$98:$B$116
Name Distritos_7: 'Distritos'!$B$117:$B$132
Name Distritos_8: 'Distritos'!$B$133:$B$154
Name Distritos_9: 'Distritos'!$B$155:$B$163
Name Municipios_0: 'Municipios'!$B$46:$B$46
Name Municipios_1: 'Municipios'!$B$2:$B$4
Name Municipios_10: 'Municipios'!$B$34:$B$35
Name Municipios_11: 'Municipios'!$B$36:$B$38
Name Municipios_12: 'Municipios'!$B$39:$B$41
Name Municipios_13: 'Municipios'!$B$42:$B$43
Name Municipios_14: 'Municipios'!$B$44:$B$45
Name Municipios_2: 'Municipios'!$B$5:$B$8
Name Municipios_3: 'Municipios'!$B$9:$B$12
Name Municipios_4: 'Municipios'!$B$13:$B$15
Name Municipios_5: 'Municipios'!$B$16:$B$21
Name Municipios_6: 'Municipios'!$B$22:$B$26
Name Municipios_9: 'Municipios'!$B$32:$B$33
Name Municipios_7: 'Municipios'!$B$27:$B$28
Name Municipios_8: 'Municipios'!$B$29:$B$31

Sheet clientes
A1: nombre | B1: apellido | C1: codigo de cliente | D1: dui | E1: nit | F1: direccion | G1: departamento | H1: cod_departamento | I1: distrito | J1: cod_distrito | K1: municipio | L1: cod_municipio | M1: telefono | N1: correo
A2: Juan | B2: Perez | D2: 50243797 | E2: 59237293723 | F2: Colonia Escalón, Calle Los Sisimiles #45, San Salvador | G2: San Salvador | H2: =IF(G2<>"",INDEX(Departamentos!A:A,MATCH(G2,Departamentos!B:B,0)),"") -> 6 | I2: SAN SALVADOR | J2: =IF(I2<>"",INDEX(Distritos!A:A,MATCH(I2,Distritos!B:B,0)),"") -> 14 | K2: SAN SALVADOR CENTRO | L2: =IF(K2<>"",INDEX(Municipios!A:A,MATCH(K2,Municipios!B:B,0)),"") -> 23 | M2: 91191199 | N2: correoejemplo@ejemplo.com
H3: =IF(G3<>"",INDEX(Departamentos!A:A,MATCH(G3,Departamentos!B:B,0)),"") | J3: =IF(I3<>"",INDEX(Distritos!A:A,MATCH(I3,Distritos!B:B,0)),"")
H4: =IF(G4<>"",INDEX(Departamentos!A:A,MATCH(G4,Departamentos!B:B,0)),"") | J4: =IF(I4<>"",INDEX(Distritos!A:A,MATCH(I4,Distritos!B:B,0)),"")
H5: =IF(G5<>"",INDEX(Departamentos!A:A,MATCH(G5,Departamentos!B:B,0)),"") | J5: =IF(I5<>"",INDEX(Distritos!A:A,MATCH(I5,Distritos!B:B,0)),"")
H6: =IF(G6<>"",INDEX(Departamentos!A:A,MATCH(G6,Departamentos!B:B,0)),"") | J6: =IF(I6<>"",INDEX(Distritos!A:A,MATCH(I6,Distritos!B:B,0)),"")
H7: =IF(G7<>"",INDEX(Departamentos!A:A,MATCH(G7,Departamentos!B:B,0)),"") | J7: =IF(I7<>"",INDEX(Distritos!A:A,MATCH(I7,Distritos!B:B,0)),"")
H8: =IF(G8<>"",INDEX(Departamentos!A:A,MATCH(G8,Departamentos!B:B,0)),"") | J8: =IF(I8<>"",INDEX(Distritos!A:A,MATCH(I8,Distritos!B:B,0)),"")
H9: =IF(G9<>"",INDEX(Departamentos!A:A,MATCH(G9,Departamentos!B:B,0)),"") | J9: =IF(I9<>"",INDEX(Distritos!A:A,MATCH(I9,Distritos!B:B,0)),"")
H10: =IF(G10<>"",INDEX(Departamentos!A:A,MATCH(G10,Departamentos!B:B,0)),"") | J10: =IF(I10<>"",INDEX(Distritos!A:A,MATCH(I10,Distritos!B:B,0)),"")
H11: =IF(G11<>"",INDEX(Departamentos!A:A,MATCH(G11,Departamentos!B:B,0)),"") | J11: =IF(I11<>"",INDEX(Distritos!A:A,MATCH(I11,Distritos!B:B,0)),"")
H12: =IF(G12<>"",INDEX(Departamentos!A:A,MATCH(G12,Departamentos!B:B,0)),"") | J12: =IF(I12<>"",INDEX(Distritos!A:A,MATCH(I12,Distritos!B:B,0)),"")
H13: =IF(G13<>"",INDEX(Departamentos!A:A,MATCH(G13,Departamentos!B:B,0)),"") | J13: =IF(I13<>"",INDEX(Distritos!A:A,MATCH(I13,Distritos!B:B,0)),"")
H14: =IF(G14<>"",INDEX(Departamentos!A:A,MATCH(G14,Departamentos!B:B,0)),"") | J14: =IF(I14<>"",INDEX(Distritos!A:A,MATCH(I14,Distritos!B:B,0)),"")
... H1000: =IF(G1000<>"",INDEX(Departamentos!A:A,MATCH(G1000,Departamentos!B:B,0)),"") | J1000: =IF(I1000<>"",INDEX(Distritos!A:A,MATCH(I1000,Distritos!B:B,0)),"")

Sheet Departamentos
A1: cod_departamento | B1: departamento
A2: 1 | B2: Ahuachapán
A3: 2 | B3: Santa Ana
A4: 3 | B4: Sonsonate
A5: 4 | B5: Chalatenango
A6: 5 | B6: La Libertad
A7: 6 | B7: San Salvador
A8: 7 | B8: Cuscatlán
A9: 8 | B9: La Paz
A10: 9 | B10: Cabañas
A11: 10 | B11: San Vicente
A12: 11 | B12: Usulután
A13: 12 | B13: San Miguel
... A16: 0 | B16: Otro

Sheet Municipios
A1: cod | B1: nombre | C1: cod_departamento
A2: 13 | B2: AHUACHAPÁN NORTE | C2: 1
A3: 14 | B3: AHUACHAPÁN CENTRO | C3: 1
A4: 15 | B4: AHUACHAPÁN SUR | C4: 1
A5: 14 | B5: SANTA ANA NORTE | C5: 2
A6: 15 | B6: SANTA ANA CENTRO | C6: 2
A7: 16 | B7: SANTA ANA ESTE | C7: 2
A8: 17 | B8: SANTA ANA OESTE | C8: 2
A9: 17 | B9: SONSONATE NORTE | C9: 3
A10: 18 | B10: SONSONATE CENTRO | C10: 3
A11: 19 | B11: SONSONATE ESTE | C11: 3
A12: 20 | B12: SONSONATE OESTE | C12: 3
A13: 34 | B13: CHALATENANGO NORTE | C13: 4
... A46: 0 | B46: Otro | C46: 0

Sheet Distritos
A1: cod | B1: nombre | C1: cod_municipio | D1: cod_departamento
A2: 3 | B2: ATIQUIZAYA | C2: 13 | D2: 1
A3: 5 | B3: EL REFUGIO | C3: 13 | D3: 1
A4: 9 | B4: SAN LORENZO | C4: 13 | D4: 1
A5: 12 | B5: TURÍN | C5: 13 | D5: 1
A6: 1 | B6: AHUACHAPÁN | C6: 14 | D6: 1
A7: 2 | B7: APANECA | C7: 14 | D7: 1
A8: 4 | B8: CONCEPCIÓN DE ATACO | C8: 14 | D8: 1
A9: 11 | B9: TACUBA | C9: 14 | D9: 1
A10: 6 | B10: GUAYMANGO | C10: 15 | D10: 1
A11: 7 | B11: JUJUTLA | C11: 15 | D11: 1
A12: 8 | B12: SAN FRANCISCO MENÉNDEZ | C12: 15 | D12: 1
A13: 10 | B13: SAN PEDRO PUXTLA | C13: 15 | D13: 1
... A263: 18 | B263: YUCUAIQUÍN | C263: 20 | D263: 14
